time_ms, meas_time_ms, frame_id, lin_x_m, lin_y_m, lin_z_m, ang_h_rad, ang_p_rad, ang_s_rad, disc_index, player
3463.26162400, 3400.08438400, 1776, -0.470, -0.168, 0.714, 0.45509, -0.09416, 1.80236, 6, 1, 0
3463.26162400, 3403.91248800, 1778, 0.140, -0.289, 1.015, 0.54393, 0.09763, 1.65445, 6, 1, 0
3463.26162400, 3405.82770400, 1779, -0.247, -0.211, 0.823, 0.40352, 0.04070, 1.79836, 6, 1, 0
3463.26162400, 3407.74160000, 1780, -0.184, -0.224, 0.854, 0.44186, 0.03085, 1.71733, 6, 1, 0
3463.26162400, 3426.88670400, 1790, -0.654, -0.130, 0.614, 0.22143, -0.13324, 1.72516, 6, 1, 0
3463.26162400, 3430.71543200, 1792, -0.525, -0.155, 0.677, 0.25242, -0.06338, 1.66182, 6, 1, 0
3463.26162400, 3432.62964800, 1793, -0.386, -0.182, 0.746, 0.47405, -0.13107, 1.41062, 6, 1, 0
3463.26162400, 3434.54440800, 1794, -0.498, -0.160, 0.689, 0.27613, -0.06498, 1.60688, 6, 1, 0
3463.26162400, 3438.37354400, 1796, -0.348, -0.190, 0.763, 0.39703, -0.06307, 1.44299, 6, 1, 0
3463.26162400, 3440.28754400, 1797, -0.610, -0.138, 0.629, 0.17240, -0.07427, 1.64026, 6, 1, 0
3463.26162400, 3444.11619200, 1799, -0.449, -0.170, 0.710, 0.27948, -0.05113, 1.50400, 6, 1, 0
3463.26162400, 3446.03064800, 1800, -0.476, -0.164, 0.696, 0.38967, -0.13405, 1.35573, 6, 1, 0
3463.26162400, 3447.94556800, 1801, -0.511, -0.158, 0.678, 0.15734, -0.04105, 1.57755, 6, 1, 0
3463.26162400, 3449.85964800, 1802, -0.580, -0.143, 0.642, 0.36728, -0.19252, 1.33040, 6, 1, 0
3463.26162400, 3451.77468000, 1803, -0.626, -0.134, 0.618, 0.28319, -0.18684, 1.38717, 6, 1, 0
3463.26162400, 3453.68862400, 1804, -0.442, -0.171, 0.710, 0.36814, -0.10513, 1.30220, 6, 1, 0
3463.26162400, 3455.60368000, 1805, -0.321, -0.196, 0.771, 0.36789, -0.03949, 1.30307, 6, 1, 0
3463.26162400, 3457.51764800, 1806, -0.520, -0.155, 0.669, 0.34119, -0.14503, 1.28105, 6, 1, 0
3463.26162400, 3459.43238400, 1807, -0.433, -0.172, 0.712, 0.56347, -0.18723, 1.04036, 6, 1, 0
3463.26162400, 3461.34656800, 1808, -0.457, -0.168, 0.699, 0.42014, -0.13864, 1.16881, 6, 1, 0
3463.26162400, 3463.26162400, 1809, -0.291, -0.201, 0.783, 0.43143, -0.05197, 1.15041, 6, 1, 0
3465.26162400, 3465.17554400, 1810, -0.466, -0.166, 0.693, 0.38217, -0.12732, 1.17032, 6, 1, 1
3467.26162400, 3467.09064800, 1811, -0.462, -0.166, 0.694, 0.40269, -0.13370, 1.11992, 6, 1, 1
3469.26162400, 3469.00438400, 1812, -0.478, -0.163, 0.685, 0.45935, -0.16796, 1.03980, 6, 1, 1
3471.26162400, 3470.91873600, 1813, -0.363, -0.186, 0.743, 0.41727, -0.08001, 1.08330, 6, 1, 1
3473.26162400, 3472.83364800, 1814, -0.360, -0.187, 0.745, 0.33878, -0.05193, 1.15352, 6, 1, 1
3475.26162400, 3474.74843200, 1815, -0.337, -0.191, 0.755, 0.47081, -0.08523, 0.99481, 6, 1, 1
3477.26162400, 3476.66252000, 1816, -0.332, -0.193, 0.757, 0.42284, -0.06289, 1.02274, 6, 1, 1
3479.26162400, 3478.57695200, 1817, -0.430, -0.172, 0.706, 0.46817, -0.13679, 0.93814, 6, 1, 1
3481.26162400, 3480.49154400, 1818, -0.349, -0.189, 0.747, 0.44975, -0.07983, 0.95920, 6, 1, 1
3483.26162400, 3482.40570400, 1819, -0.260, -0.206, 0.792, 0.48236, -0.04185, 0.91990, 6, 1, 1
3485.26162400, 3484.32043200, 1820, -0.350, -0.189, 0.745, 0.39179, -0.05886, 0.98105, 6, 1, 1
3486.26162400, 3486.23460000, 1821, -0.442, -0.170, 0.696, 0.37199, -0.10905, 0.96785, 6, 1, 1
3488.26162400, 3488.14956800, 1822, -0.407, -0.176, 0.713, 0.46497, -0.12007, 0.85157, 6, 1, 1
3490.26162400, 3490.06362400, 1823, -0.400, -0.178, 0.716, 0.37891, -0.08616, 0.92774, 6, 1, 1
3492.26162400, 3491.97827200, 1824, -0.404, -0.177, 0.714, 0.38719, -0.09025, 0.89901, 6, 1, 1
3494.26162400, 3493.89243200, 1825, -0.538, -0.150, 0.643, 0.33669, -0.17402, 0.90398, 6, 1, 1
3498.26162400, 3497.72143200, 1827, -0.436, -0.170, 0.694, 0.36577, -0.10566, 0.85603, 6, 1, 1
3500.26162400, 3499.63646400, 1828, -0.305, -0.197, 0.761, 0.44295, -0.04352, 0.77805, 6, 1, 1
3502.26162400, 3501.55054400, 1829, -0.458, -0.166, 0.681, 0.35954, -0.11761, 0.81113, 6, 1, 1
3504.26162400, 3503.46524800, 1830, -0.460, -0.165, 0.679, 0.43638, -0.15398, 0.71506, 6, 1, 1
3506.26162400, 3505.37952000, 1831, -0.425, -0.172, 0.696, 0.38866, -0.10360, 0.75534, 6, 1, 1
3508.26162400, 3507.29440800, 1832, -0.462, -0.164, 0.676, 0.40932, -0.14197, 0.70086, 6, 1, 1
3515.26162400, 3514.95160000, 1836, -0.340, -0.188, 0.736, 0.38376, -0.03906, 0.67462, 6, 1, 1
3517.26162400, 3516.86638400, 1837, -0.384, -0.179, 0.712, 0.32621, -0.04771, 0.70014, 6, 1, 1
3519.26162400, 3518.78113600, 1838, -0.396, -0.177, 0.705, 0.36239, -0.06717, 0.64034, 6, 1, 1
3521.26162400, 3520.69530400, 1839, 0.035, -0.264, 0.931, 0.73367, -0.03835, 0.26127, 6, 1, 1
3523.26162400, 3522.60948800, 1840, 0.136, -0.285, 0.985, 0.66969, 0.07629, 0.32534, 6, 1, 1
3525.26162400, 3524.52446400, 1841, -0.306, -0.194, 0.749, 0.43473, -0.02934, 0.52262, 6, 1, 1
3527.26162400, 3526.43897600, 1842, -0.478, -0.158, 0.657, 0.39728, -0.14636, 0.50308, 6, 1, 1
3529.26162400, 3528.35327200, 1843, -0.376, -0.179, 0.711, 0.38419, -0.05691, 0.51929, 6, 1, 1
3531.26162400, 3530.26746400, 1844, -0.345, -0.186, 0.727, 0.34235, -0.02012, 0.55010, 6, 1, 1
3532.26162400, 3532.18238400, 1845, -0.391, -0.176, 0.701, 0.34660, -0.05149, 0.50844, 6, 1, 1
3534.26162400, 3534.09646400, 1846, -0.456, -0.162, 0.665, 0.37962, -0.11533, 0.44093, 6, 1, 1
3536.26162400, 3536.01056800, 1847, -0.493, -0.154, 0.644, 0.42955, -0.18848, 0.34585, 6, 1, 1
3538.26162400, 3537.92524800, 1848, -0.420, -0.169, 0.682, 0.46016, -0.14528, 0.31295, 6, 1, 1
3542.26162400, 3541.75468000, 1850, 0.076, -0.270, 0.944, 0.93888, -0.24473, -0.26444, 6, 1, 1
3544.26162400, 3543.66821600, 1851, -0.006, -0.253, 0.900, 1.01977, -0.40049, -0.48061, 6, 1, 1
3546.26162400, 3545.58362400, 1852, -0.027, -0.248, 0.887, 1.01604, -0.39817, -0.50359, 6, 1, 1
3548.26162400, 3547.49760000, 1853, 0.407, -0.339, 1.123, 0.74170, 0.08688, -0.04043, 6, 1, 1
3550.26162400, 3549.41254400, 1854, -0.364, -0.179, 0.706, 0.47587, -0.11292, 0.18199, 6, 1, 1
3555.26162400, 3555.15592000, 1857, -0.371, -0.177, 0.699, 0.28997, -0.01335, 0.33582, 6, 1, 1
3557.26162400, 3557.06964800, 1858, -0.380, -0.175, 0.693, 0.29352, -0.01989, 0.30212, 6, 1, 1
3559.26162400, 3558.98460000, 1859, -0.409, -0.168, 0.677, 0.37937, -0.07848, 0.18242, 6, 1, 1
3561.26162400, 3560.89860000, 1860, -0.451, -0.159, 0.652, 0.52312, -0.21008, -0.02902, 6, 1, 1
3565.26162400, 3564.72748800, 1862, 0.390, -0.335, 1.109, 0.55131, 0.20187, 0.01401, 6, 1, 1
3571.26162400, 3570.47160000, 1865, -0.330, -0.182, 0.712, 0.52422, -0.11228, -0.11260, 6, 1, 1
3575.26162400, 3574.30046400, 1867, -0.401, -0.169, 0.671, -0.26951, -0.05262, 0.51226, 6, 1, 1
3578.26162400, 3578.12932800, 1869, -0.481, -0.149, 0.624, 0.37604, -0.11950, -0.05524, 6, 1, 1
3580.26162400, 3580.04340800, 1870, -0.332, -0.180, 0.706, 0.44150, -0.05572, -0.11856, 6, 1, 1
3582.26162400, 3581.95748800, 1871, -0.392, -0.167, 0.671, 0.36840, -0.05196, -0.06302, 6, 1, 1
3584.26162400, 3583.87256800, 1872, -0.491, -0.146, 0.615, 0.39269, -0.13380, -0.14418, 6, 1, 1
3586.26162400, 3585.78638400, 1873, -0.504, -0.143, 0.607, 0.24369, -0.08216, 0.00641, 6, 1, 1
3588.26162400, 3587.70164800, 1874, -0.326, -0.180, 0.704, 0.53109, -0.09416, -0.31500, 6, 1, 1
3590.26162400, 3589.61562400, 1875, -0.310, -0.183, 0.712, 0.49517, -0.06682, -0.29189, 6, 1, 1
3592.26162400, 3591.53000000, 1876, -0.346, -0.175, 0.691, 0.47963, -0.07910, -0.30170, 6, 1, 1
3594.26162400, 3593.44446400, 1877, -0.629, -0.115, 0.531, 0.41524, -0.27562, -0.32167, 6, 1, 1
3596.26162400, 3595.35952000, 1878, -0.457, -0.151, 0.626, 0.45875, -0.13486, -0.35125, 6, 1, 1
3598.26162400, 3597.27364800, 1879, -0.394, -0.164, 0.660, 0.43854, -0.08225, -0.33494, 6, 1, 1
3599.26162400, 3599.18762400, 1880, -0.353, -0.172, 0.682, 0.49141, -0.08099, -0.40987, 6, 1, 1
3601.26162400, 3601.10254400, 1881, -0.280, -0.187, 0.722, 0.48945, -0.03433, -0.41019, 6, 1, 1
3603.26162400, 3603.01748800, 1882, -0.356, -0.171, 0.678, 0.50891, -0.08781, -0.47178, 6, 1, 1
3605.26162400, 3604.93138400, 1883, -0.356, -0.170, 0.676, 0.53703, -0.09988, -0.53035, 6, 1, 1
3607.26162400, 3606.84635200, 1884, -0.209, -0.202, 0.758, 0.47254, 0.00881, -0.44757, 6, 1, 1
3609.26162400, 3608.76060000, 1885, -0.253, -0.192, 0.733, 0.41203, 0.01377, -0.40986, 6, 1, 1
3611.26162400, 3610.67443200, 1886, -0.392, -0.162, 0.652, 0.38917, -0.05822, -0.43675, 6, 1, 1
3613.26162400, 3612.58962400, 1887, -0.297, -0.182, 0.705, 0.50118, -0.04276, -0.56821, 6, 1, 1
3615.26162400, 3614.50378400, 1888, -0.337, -0.172, 0.681, 0.46115, -0.05307, -0.54493, 6, 1, 1
3617.26162400, 3616.41852000, 1889, -0.212, -0.199, 0.751, 0.44776, 0.02216, -0.53328, 6, 1, 1
3619.26162400, 3618.33248800, 1890, -0.461, -0.145, 0.607, 0.41653, -0.12352, -0.57269, 6, 1, 1
3622.26162400, 3622.16168000, 1892, -0.352, -0.168, 0.667, 0.43909, -0.05234, -0.61033, 6, 1, 1
3624.26162400, 3624.07568000, 1893, -0.410, -0.155, 0.632, 0.40922, -0.08274, -0.61564, 6, 1, 1
3626.26162400, 3625.99052000, 1894, -0.343, -0.169, 0.670, 0.43860, -0.04648, -0.65677, 6, 1, 1
3628.26162400, 3627.90468000, 1895, -0.430, -0.149, 0.618, 0.39123, -0.08990, -0.64438, 6, 1, 1
3630.26162400, 3629.81954400, 1896, -0.309, -0.176, 0.687, 0.33736, 0.01372, -0.58473, 6, 1, 1
3632.26162400, 3631.73370400, 1897, -0.286, -0.180, 0.699, 0.39332, 0.00468, -0.65731, 6, 1, 1
3638.26162400, 3637.47768000, 1900, -0.333, -0.168, 0.667, 0.46791, -0.05622, -0.82679, 6, 1, 1
3640.26162400, 3639.39156800, 1901, -0.215, -0.194, 0.735, 0.48543, 0.01873, -0.84276, 6, 1, 1
3642.26162400, 3641.30648800, 1902, -0.199, -0.197, 0.743, 0.46719, 0.03468, -0.84519, 6, 1, 1
3643.26162400, 3643.22052000, 1903, -0.227, -0.191, 0.725, 0.39106, 0.04534, -0.78534, 6, 1, 1
3647.26162400, 3647.04948800, 1905, -0.240, -0.187, 0.715, 0.42628, 0.02351, -0.86731, 6, 1, 1
3649.26162400, 3648.96460000, 1906, -0.328, -0.167, 0.662, 0.42817, -0.04158, -0.91567, 6, 1, 1
3651.26162400, 3650.87846400, 1907, -0.409, -0.148, 0.613, 0.33868, -0.06297, -0.85983, 6, 1, 1
3653.26162400, 3652.79256800, 1908, -0.287, -0.175, 0.684, 0.39097, 0.00595, -0.90642, 6, 1, 1
3657.26162400, 3656.62154400, 1910, -0.279, -0.176, 0.686, 0.37927, 0.01591, -0.94158, 6, 1, 1
3659.26162400, 3658.53686400, 1911, -0.252, -0.182, 0.701, 0.43855, 0.00572, -1.02137, 6, 1, 1
3661.26162400, 3660.45052000, 1912, -0.201, -0.192, 0.730, 0.46502, 0.02758, -1.06055, 6, 1, 1
3663.26162400, 3662.36556800, 1913, -0.236, -0.184, 0.707, 0.46154, 0.00308, -1.08357, 6, 1, 1
3665.26162400, 3664.27968000, 1914, -0.322, -0.164, 0.655, 0.38876, -0.02477, -1.04158, 6, 1, 1
3666.26162400, 3666.19460000, 1915, -0.286, -0.172, 0.675, 0.36977, 0.01089, -1.03626, 6, 1, 1
3668.26162400, 3668.10862400, 1916, -0.264, -0.177, 0.687, 0.32888, 0.04063, -1.00677, 6, 1, 1
3670.26162400, 3670.02346400, 1917, -0.282, -0.172, 0.675, 0.28936, 0.04097, -1.00111, 6, 1, 1
3672.26162400, 3671.93762400, 1918, -0.362, -0.153, 0.626, 0.29941, -0.02186, -1.04808, 6, 1, 1
3674.26162400, 3673.85240800, 1919, -0.321, -0.162, 0.649, 0.33052, -0.00434, -1.09378, 6, 1, 1
3676.26162400, 3675.76654400, 1920, -0.374, -0.149, 0.616, 0.28687, -0.02762, -1.08109, 6, 1, 1
3678.26162400, 3677.68119200, 1921, -0.363, -0.151, 0.621, 0.37640, -0.05878, -1.19519, 6, 1, 1
3680.26162400, 3679.59532800, 1922, -0.341, -0.155, 0.632, 0.33771, -0.02264, -1.17061, 6, 1, 1
3682.26162400, 3681.50970400, 1923, -0.382, -0.145, 0.606, 0.41255, -0.10369, -1.28870, 6, 1, 1
3684.26162400, 3683.42448800, 1924, -0.316, -0.160, 0.645, 0.39948, -0.03750, -1.27102, 6, 1, 1
3686.26162400, 3685.33838400, 1925, -0.312, -0.160, 0.646, 0.28794, 0.01762, -1.16998, 6, 1, 1
3687.26162400, 3687.25348800, 1926, -0.340, -0.153, 0.628, 0.26327, 0.00469, -1.17717, 6, 1, 1
3689.26162400, 3689.16781600, 1927, -0.207, -0.184, 0.708, 0.27773, 0.09408, -1.18229, 6, 1, 1
3691.26162400, 3691.08238400, 1928, -0.240, -0.175, 0.687, 0.27123, 0.07590, -1.20405, 6, 1, 1
3693.26162400, 3692.99624800, 1929, -0.275, -0.167, 0.664, 0.22852, 0.05744, -1.18710, 6, 1, 1
3695.26162400, 3694.91070400, 1930, -0.341, -0.150, 0.622, 0.37933, -0.05494, -1.38480, 6, 1, 1
3701.26162400, 3700.65421600, 1933, -0.332, -0.150, 0.623, 0.27371, 0.00885, -1.33183, 6, 1, 1
3703.26162400, 3702.56952000, 1934, -0.352, -0.145, 0.610, 0.30833, -0.02177, -1.39367, 6, 1, 1
3705.26162400, 3704.48360000, 1935, -0.254, -0.166, 0.669, 0.44660, -0.03225, -1.54662, 6, 1, 1
3707.26162400, 3706.39764800, 1936, -0.124, -0.196, 0.748, 0.56596, -0.03641, -1.68529, 6, 1, 1
3709.26162400, 3708.31262400, 1937, -0.286, -0.158, 0.647, 0.32204, 0.02203, -1.44895, 6, 1, 1
3710.26162400, 3710.22684000, 1938, -0.354, -0.141, 0.603, 0.36609, -0.05763, -1.54071, 6, 1, 1
3712.26162400, 3712.14162400, 1939, -0.342, -0.143, 0.609, 0.23216, 0.01479, -1.42093, 6, 1, 1
3714.26162400, 3714.05556800, 1940, -0.342, -0.142, 0.608, 0.31821, -0.02329, -1.53104, 6, 1, 1
3716.26162400, 3715.97040800, 1941, -0.275, -0.158, 0.648, 0.28080, 0.04531, -1.49174, 6, 1, 1
3718.26162400, 3717.88448800, 1942, -0.322, -0.145, 0.617, 0.35744, -0.02832, -1.59875, 6, 1, 1
3720.26162400, 3719.79943200, 1943, -0.255, -0.160, 0.658, 0.40025, -0.00164, -1.65286, 6, 1, 1
3722.26162400, 3721.71360000, 1944, -0.221, -0.168, 0.678, 0.41297, 0.01207, -1.68644, 6, 1, 1
3724.26162400, 3723.62835200, 1945, -0.051, -0.207, 0.783, 0.59729, 0.00138, -1.89144, 6, 1, 1
3726.26162400, 3725.54216800, 1946, -0.197, -0.171, 0.690, 0.44048, 0.01243, -1.74601, 6, 1, 1
3728.26162400, 3727.45662400, 1947, -0.227, -0.163, 0.670, 0.41693, 0.00706, -1.74976, 6, 1, 1
3730.26162400, 3729.37156800, 1948, -0.351, -0.133, 0.591, 0.31575, -0.02467, -1.69064, 6, 1, 1
3732.26162400, 3731.28564800, 1949, -0.193, -0.170, 0.689, 0.44098, 0.01803, -1.81507, 6, 1, 1
3733.26162400, 3733.20064800, 1950, -0.210, -0.165, 0.677, 0.43960, 0.00944, -1.83217, 6, 1, 1
3735.26162400, 3735.11538400, 1951, -0.279, -0.147, 0.632, 0.36332, 0.00832, -1.78603, 6, 1, 1
3737.26162400, 3737.02962400, 1952, -0.248, -0.154, 0.650, 0.39205, 0.01469, -1.82601, 6, 1, 1
3739.26162400, 3738.94343200, 1953, -0.095, -0.191, 0.746, 0.42710, 0.08243, -1.85275, 6, 1, 1
3741.26162400, 3740.85840800, 1954, -0.138, -0.180, 0.718, 0.39418, 0.07897, -1.84638, 6, 1, 1
3743.26162400, 3742.77252000, 1955, -0.118, -0.184, 0.729, 0.44081, 0.06766, -1.91293, 6, 1, 1
3745.26162400, 3744.68764800, 1956, -0.218, -0.158, 0.664, 0.41679, 0.02500, -1.93091, 6, 1, 1
3747.26162400, 3746.60146400, 1957, -0.293, -0.138, 0.614, 0.37433, -0.00343, -1.91861, 6, 1, 1
3749.26162400, 3748.51635200, 1958, -0.234, -0.152, 0.651, 0.43470, 0.00963, -1.99862, 6, 1, 1
3751.26162400, 3750.43056800, 1959, -0.326, -0.128, 0.590, 0.31597, 0.00446, -1.91178, 6, 1, 1
3753.26162400, 3752.34456800, 1960, -0.326, -0.127, 0.589, 0.30885, 0.00949, -1.92541, 6, 1, 1
3754.26162400, 3754.25930400, 1961, -0.224, -0.152, 0.653, 0.37269, 0.04802, -1.98463, 6, 1, 1
3756.26162400, 3756.17364800, 1962, -0.267, -0.140, 0.624, 0.36230, 0.02947, -2.00280, 6, 1, 1
3758.26162400, 3758.08862400, 1963, -0.173, -0.163, 0.683, 0.39175, 0.07262, -2.03598, 6, 1, 1
3760.26162400, 3760.00330400, 1964, -0.194, -0.157, 0.669, 0.35980, 0.07413, -2.02646, 6, 1, 1
3762.26162400, 3761.91764800, 1965, -0.249, -0.141, 0.631, 0.44270, 0.00896, -2.15368, 6, 1, 1
3764.26162400, 3763.83211200, 1966, -0.345, -0.116, 0.567, 0.36999, -0.02447, -2.11804, 6, 1, 1
3766.26162400, 3765.74668000, 1967, -0.175, -0.159, 0.677, 0.42022, 0.06745, -2.15523, 6, 1, 1
3768.26162400, 3767.66038400, 1968, -0.239, -0.141, 0.633, 0.44223, 0.02124, -2.21258, 6, 1, 1
3770.26162400, 3769.57554400, 1969, -0.204, -0.150, 0.655, 0.36661, 0.07434, -2.14028, 6, 1, 1
3772.26162400, 3771.48952000, 1970, -0.120, -0.170, 0.709, 0.46514, 0.08741, -2.25156, 6, 1, 1
3774.26162400, 3773.40424800, 1971, -0.229, -0.141, 0.636, 0.43144, 0.03789, -2.26448, 6, 1, 1
3776.26162400, 3775.31846400, 1972, -0.358, -0.106, 0.549, 0.31352, -0.00133, -2.19362, 6, 1, 1
3777.26162400, 3777.23343200, 1973, -0.185, -0.151, 0.662, 0.36053, 0.09309, -2.21820, 6, 1, 1
3779.26162400, 3779.14743200, 1974, -0.188, -0.149, 0.659, 0.42139, 0.07264, -2.31194, 6, 1, 1
3781.26162400, 3781.06243200, 1975, -0.173, -0.153, 0.668, 0.28705, 0.12536, -2.18578, 6, 1, 1
3783.26162400, 3782.97662400, 1976, -0.216, -0.140, 0.637, 0.28357, 0.10408, -2.21513, 6, 1, 1
3785.26162400, 3784.89062400, 1977, -0.137, -0.160, 0.689, 0.32670, 0.13237, -2.26577, 6, 1, 1
3787.26162400, 3786.80560000, 1978, -0.208, -0.140, 0.640, 0.30629, 0.10368, -2.27958, 6, 1, 1
3789.26162400, 3788.71964800, 1979, -0.375, -0.094, 0.527, 0.27476, 0.00484, -2.31625, 6, 1, 1
3791.26162400, 3790.63448800, 1980, -0.141, -0.156, 0.682, 0.35248, 0.13111, -2.35572, 6, 1, 1
3793.26162400, 3792.54854400, 1981, -0.182, -0.144, 0.653, 0.32899, 0.11829, -2.36994, 6, 1, 1
3800.26162400, 3800.20656800, 1985, -0.147, -0.150, 0.672, 0.39840, 0.12124, -2.52102, 6, 1, 1
3802.26162400, 3802.12132800, 1986, -0.176, -0.141, 0.651, 0.34017, 0.12500, -2.48583, 6, 1, 1
3804.26162400, 3804.03543200, 1987, -0.179, -0.140, 0.648, 0.25929, 0.14640, -2.43276, 6, 1, 1
3806.26162400, 3805.95030400, 1988, -0.244, -0.121, 0.603, 0.26172, 0.10800, -2.47610, 6, 1, 1
3808.26162400, 3807.86448800, 1989, -0.242, -0.120, 0.602, 0.32560, 0.08721, -2.56275, 6, 1, 1
3810.26162400, 3809.77927200, 1990, -0.208, -0.128, 0.624, 0.31994, 0.11195, -2.57152, 6, 1, 1
3818.26162400, 3817.43648800, 1994, -0.193, -0.129, 0.630, 0.26369, 0.14697, -2.60141, 6, 1, 1
3820.26162400, 3819.35154400, 1995, -0.272, -0.106, 0.574, 0.30836, 0.07426, -2.69132, 6, 1, 1
3822.26162400, 3821.26560000, 1996, -0.164, -0.136, 0.648, 0.28847, 0.15856, -2.66292, 6, 1, 1
3823.26162400, 3823.18046400, 1997, -0.205, -0.123, 0.618, 0.35265, 0.09659, -2.77557, 6, 1, 1
3825.26162400, 3825.09456800, 1998, -0.345, -0.083, 0.520, 0.19939, 0.06109, -2.67916, 6, 1, 1
3827.26162400, 3827.00930400, 1999, -0.144, -0.138, 0.658, 0.27082, 0.17681, -2.72383, 6, 1, 1
3829.26162400, 3828.92360000, 2000, -0.309, -0.091, 0.543, 0.23002, 0.07504, -2.74860, 6, 1, 1
3831.26162400, 3830.83748800, 2001, -0.295, -0.094, 0.551, 0.24650, 0.07866, -2.78770, 6, 1, 1
3843.26162400, 3842.32446400, 2007, -0.270, -0.096, 0.562, 0.14410, 0.12160, -2.81843, 6, 1, 1
3844.26162400, 3844.23938400, 2008, -0.226, -0.108, 0.592, 0.10191, 0.16558, -2.78939, 6, 1, 1
3846.26162400, 3846.15405600, 2009, -0.222, -0.109, 0.594, 0.15381, 0.15949, -2.86227, 6, 1, 1
3848.26162400, 3848.06843200, 2010, -0.240, -0.102, 0.580, 0.19146, 0.13509, -2.93070, 6, 1, 1
3850.26162400, 3849.98264800, 2011, -0.183, -0.118, 0.619, 0.27354, 0.12724, -3.03187, 6, 1, 1
3852.26162400, 3851.89735200, 2012, -0.247, -0.099, 0.573, 0.20372, 0.11753, -2.99102, 6, 1, 1
3854.26162400, 3853.81168000, 2013, -0.269, -0.092, 0.557, 0.16003, 0.11640, -2.98019, 6, 1, 1
3856.26162400, 3855.72643200, 2014, -0.288, -0.085, 0.542, 0.25175, 0.05385, -3.09876, 6, 1, 1
3858.26162400, 3857.64060000, 2015, -0.371, -0.060, 0.483, 0.12289, 0.03883, -3.02567, 6, 1, 1
3860.26162400, 3859.55446400, 2016, -0.255, -0.094, 0.564, 0.16264, 0.11761, -3.05397, 6, 1, 1
3862.26162400, 3861.46938400, 2017, -0.279, -0.087, 0.547, 0.02677, 0.13238, -2.96385, 6, 1, 1
3864.26162400, 3863.38368000, 2018, -0.178, -0.115, 0.617, 0.18283, 0.16075, -3.09753, 6, 1, 1
3866.26162400, 3865.29860000, 2019, -0.209, -0.106, 0.594, 0.12051, 0.16358, -3.07043, 6, 1, 1
3867.26162400, 3867.21248800, 2020, -0.243, -0.095, 0.569, 0.18444, 0.10720, 3.11459, 6, 1, 1
3869.26162400, 3869.12743200, 2021, -0.211, -0.104, 0.591, 0.17789, 0.13166, 3.10622, 6, 1, 1
3871.26162400, 3871.04127200, 2022, -0.241, -0.094, 0.568, 0.15583, 0.11459, 3.10048, 6, 1, 1
3873.26162400, 3872.95654400, 2023, -0.244, -0.093, 0.566, 0.09957, 0.13510, 3.13162, 6, 1, 1
3875.26162400, 3874.87064800, 2024, -0.238, -0.094, 0.569, 0.17824, 0.09839, 3.03151, 6, 1, 1
3877.26162400, 3876.78556800, 2025, -0.263, -0.086, 0.551, 0.19310, 0.06847, 2.99058, 6, 1, 1
3879.26162400, 3878.69964800, 2026, -0.380, -0.050, 0.467, 0.15172, -0.01648, 2.97289, 6, 1, 1
3881.26162400, 3880.61356800, 2027, -0.390, -0.046, 0.459, 0.13525, -0.02398, 2.96499, 6, 1, 1
3883.26162400, 3882.52824800, 2028, -0.248, -0.089, 0.559, 0.06855, 0.12289, 3.03570, 6, 1, 1
3885.26162400, 3884.44316800, 2029, -0.281, -0.078, 0.534, 0.01858, 0.10890, 3.04623, 6, 1, 1
3887.26162400, 3886.35746400, 2030, -0.226, -0.095, 0.573, 0.05090, 0.14059, 3.00871, 6, 1, 1
3889.26162400, 3888.27148800, 2031, -0.318, -0.066, 0.506, 0.00722, 0.06630, 2.99627, 6, 1, 1
3890.26162400, 3890.18664800, 2032, -0.326, -0.063, 0.500, 0.03138, 0.04965, 2.95329, 6, 1, 1
3892.26162400, 3892.10040800, 2033, -0.312, -0.067, 0.509, -0.00681, 0.06987, 2.96157, 6, 1, 1
3894.26162400, 3894.01554400, 2034, -0.301, -0.069, 0.516, 0.03482, 0.06335, 2.91017, 6, 1, 1
3896.26162400, 3895.92924800, 2035, -0.276, -0.076, 0.533, 0.09064, 0.06040, 2.84722, 6, 1, 1
3898.26162400, 3897.84443200, 2036, -0.287, -0.072, 0.524, 0.10192, 0.04365, 2.81248, 6, 1, 1
3900.26162400, 3899.75854400, 2037, -0.196, -0.100, 0.589, 0.15914, 0.09166, 2.76604, 6, 1, 1
3902.26162400, 3901.67316800, 2038, -0.326, -0.059, 0.495, 0.16733, -0.02844, 2.70851, 6, 1, 1
3904.26162400, 3903.58746400, 2039, -0.265, -0.078, 0.538, 0.09487, 0.05284, 2.76076, 6, 1, 1
3906.26162400, 3905.50162400, 2040, -0.268, -0.076, 0.535, 0.08960, 0.04746, 2.74610, 6, 1, 1
3908.26162400, 3907.41681600, 2041, -0.254, -0.080, 0.544, 0.07248, 0.06092, 2.74127, 6, 1, 1
3910.26162400, 3909.33140800, 2042, -0.271, -0.074, 0.531, 0.15650, 0.01153, 2.64803, 6, 1, 1
3911.26162400, 3911.24568000, 2043, -0.217, -0.090, 0.569, 0.16535, 0.05112, 2.63430, 6, 1, 1
3913.26162400, 3913.16032800, 2044, -0.286, -0.069, 0.518, 0.16270, -0.01450, 2.60091, 6, 1, 1
3915.26162400, 3915.07468000, 2045, -0.276, -0.071, 0.524, 0.15732, -0.00685, 2.58501, 6, 1, 1
3917.26162400, 3916.98846400, 2046, -0.285, -0.068, 0.517, 0.05850, 0.01622, 2.64174, 6, 1, 1
3919.26162400, 3918.90338400, 2047, -0.224, -0.086, 0.561, 0.16368, 0.03343, 2.55118, 6, 1, 1
3921.26162400, 3920.81746400, 2048, -0.276, -0.070, 0.522, 0.16666, -0.02347, 2.51585, 6, 1, 1
3923.26162400, 3922.73243200, 2049, -0.264, -0.073, 0.530, 0.08556, 0.01578, 2.56238, 6, 1, 1
3925.26162400, 3924.64640800, 2050, -0.219, -0.087, 0.562, 0.10906, 0.04622, 2.53820, 6, 1, 1
3927.26162400, 3926.56135200, 2051, -0.286, -0.065, 0.512, 0.16908, -0.04860, 2.45299, 6, 1, 1
3929.26162400, 3928.47538400, 2052, -0.282, -0.066, 0.514, 0.15504, -0.04461, 2.44110, 6, 1, 1
3931.26162400, 3930.38964800, 2053, -0.201, -0.091, 0.572, 0.26452, -0.00919, 2.35616, 6, 1, 1
3933.26162400, 3932.30443200, 2054, -0.250, -0.075, 0.536, 0.20944, -0.03587, 2.37371, 6, 1, 1
3934.26162400, 3934.21864800, 2055, -0.193, -0.092, 0.577, 0.21144, 0.02011, 2.36348, 6, 1, 1
3936.26162400, 3936.13354400, 2056, -0.174, -0.098, 0.590, 0.19648, 0.03734, 2.36312, 6, 1, 1
3938.26162400, 3938.04776000, 2057, -0.168, -0.100, 0.594, 0.22975, 0.02782, 2.31729, 6, 1, 1
3940.26162400, 3939.96254400, 2058, -0.130, -0.112, 0.621, 0.15392, 0.08547, 2.37265, 6, 1, 1
3942.26162400, 3941.87656800, 2059, -0.178, -0.096, 0.585, 0.24006, 0.00320, 2.27152, 6, 1, 1
3944.26162400, 3943.79154400, 2060, -0.181, -0.095, 0.582, 0.13245, 0.04191, 2.33689, 6, 1, 1
3946.26162400, 3945.70570400, 2061, -0.182, -0.094, 0.580, 0.15592, 0.02910, 2.29957, 6, 1, 1
3948.26162400, 3947.62048800, 2062, -0.206, -0.087, 0.563, 0.09087, 0.02194, 2.32064, 6, 1, 1
3950.26162400, 3949.53438400, 2063, -0.213, -0.084, 0.556, 0.13428, -0.00460, 2.26941, 6, 1, 1
3952.26162400, 3951.44860000, 2064, -0.229, -0.078, 0.544, 0.16662, -0.04206, 2.22083, 6, 1, 1
3954.26162400, 3953.36346400, 2065, -0.201, -0.087, 0.564, 0.14583, -0.00254, 2.22909, 6, 1, 1
3956.26162400, 3955.27776000, 2066, -0.216, -0.082, 0.552, 0.16088, -0.03211, 2.19209, 6, 1, 1
3957.26162400, 3957.19248800, 2067, -0.311, -0.052, 0.481, 0.02229, -0.10248, 2.25152, 6, 1, 1
3959.26162400, 3959.10662400, 2068, -0.251, -0.070, 0.524, 0.07736, -0.04886, 2.21189, 6, 1, 1
3961.26162400, 3961.02154400, 2069, -0.276, -0.062, 0.505, 0.05239, -0.07501, 2.20326, 6, 1, 1
3963.26162400, 3962.93568000, 2070, -0.276, -0.062, 0.505, 0.13203, -0.11666, 2.12631, 6, 1, 1
3965.26162400, 3964.85064800, 2071, -0.230, -0.076, 0.538, 0.13112, -0.05446, 2.11931, 6, 1, 1
3967.26162400, 3966.76448800, 2072, -0.153, -0.100, 0.594, 0.14301, 0.02903, 2.12062, 6, 1, 1
3969.26162400, 3968.67876000, 2073, -0.163, -0.097, 0.586, 0.13788, 0.01644, 2.10123, 6, 1, 1
3971.26162400, 3970.59356800, 2074, -0.182, -0.090, 0.571, 0.06886, 0.01748, 2.12676, 6, 1, 1
3973.26162400, 3972.50795200, 2075, -0.211, -0.081, 0.549, 0.08625, -0.02690, 2.08672, 6, 1, 1
3975.26162400, 3974.42238400, 2076, -0.236, -0.073, 0.530, -0.00019, -0.03365, 2.12365, 6, 1, 1
3977.26162400, 3976.33760000, 2077, -0.239, -0.071, 0.527, 0.08137, -0.06610, 2.04985, 6, 1, 1
3978.26162400, 3978.25143200, 2078, -0.255, -0.066, 0.514, 0.12936, -0.11310, 1.99368, 6, 1, 1
3980.26162400, 3980.16562400, 2079, -0.219, -0.077, 0.540, 0.10577, -0.05221, 2.00111, 6, 1, 1
3982.26162400, 3982.08064800, 2080, -0.225, -0.075, 0.535, 0.09493, -0.05626, 1.99487, 6, 1, 1
3984.26162400, 3983.99448800, 2081, -0.326, -0.042, 0.459, 0.12196, -0.23551, 1.92232, 6, 1, 1
3986.26162400, 3985.90970400, 2082, -0.141, -0.100, 0.596, 0.36796, -0.16961, 1.74450, 6, 1, 1
3988.26162400, 3987.82368000, 2083, -0.159, -0.094, 0.582, 0.35269, -0.17682, 1.73549, 6, 1, 1
3990.26162400, 3989.73864800, 2084, -0.245, -0.067, 0.518, 0.07794, -0.08865, 1.92567, 6, 1, 1
3992.26162400, 3991.65260000, 2085, -0.141, -0.100, 0.595, 0.19097, -0.01782, 1.85323, 6, 1, 1
3994.26162400, 3993.56724800, 2086, -0.154, -0.095, 0.585, 0.26554, -0.09324, 1.77654, 6, 1, 1
3996.26162400, 3995.48164800, 2087, -0.199, -0.081, 0.550, 0.18843, -0.09432, 1.80625, 6, 1, 1
3998.26162400, 3997.39662400, 2088, -0.144, -0.098, 0.591, 0.27008, -0.08855, 1.73664, 6, 1, 1
4000.26162400, 3999.31092000, 2089, -0.144, -0.098, 0.590, 0.22215, -0.05077, 1.76533, 6, 1, 1
4001.26162400, 4001.22462400, 2090, -0.137, -0.100, 0.595, 0.23538, -0.05207, 1.73757, 6, 1, 1
4003.26162400, 4003.13940800, 2091, -0.162, -0.091, 0.575, 0.23602, -0.08877, 1.71013, 6, 1, 1
4005.26162400, 4005.05356800, 2092, -0.168, -0.090, 0.571, 0.17348, -0.05573, 1.74797, 6, 1, 1
4007.26162400, 4006.96860000, 2093, -0.182, -0.085, 0.559, 0.23280, -0.11856, 1.67572, 6, 1, 1
4009.26162400, 4008.88262400, 2094, -0.165, -0.090, 0.571, 0.21398, -0.08341, 1.68299, 6, 1, 1
4011.26162400, 4010.79760000, 2095, -0.224, -0.070, 0.526, 0.18693, -0.15059, 1.66586, 6, 1, 1
4013.26162400, 4012.71168000, 2096, -0.196, -0.079, 0.547, 0.20313, -0.12095, 1.64579, 6, 1, 1
4015.26162400, 4014.62654400, 2097, -0.211, -0.074, 0.535, 0.16408, -0.11974, 1.65566, 6, 1, 1
4017.26162400, 4016.54095200, 2098, -0.188, -0.081, 0.552, 0.19075, -0.10318, 1.62406, 6, 1, 1
4019.26162400, 4018.45543200, 2099, -0.173, -0.086, 0.562, 0.25861, -0.13231, 1.55445, 6, 1, 1
4021.26162400, 4020.36968000, 2100, -0.145, -0.095, 0.583, 0.17384, -0.03835, 1.62188, 6, 1, 1
4023.26162400, 4022.28456800, 2101, -0.173, -0.085, 0.561, 0.19973, -0.09359, 1.57325, 6, 1, 1
4024.26162400, 4024.19838400, 2102, -0.111, -0.105, 0.607, 0.31338, -0.09629, 1.47839, 6, 1, 1
4026.26162400, 4026.11343200, 2103, -0.167, -0.087, 0.564, 0.22171, -0.10249, 1.52273, 6, 1, 1
4028.26162400, 4028.02797600, 2104, -0.191, -0.079, 0.545, 0.17054, -0.10353, 1.54463, 6, 1, 1
4030.26162400, 4029.94164800, 2105, -0.100, -0.108, 0.614, 0.25783, -0.04887, 1.48154, 6, 1, 1
4032.26162400, 4031.85656800, 2106, -0.149, -0.092, 0.576, 0.18070, -0.05691, 1.51568, 6, 1, 1
4034.26162400, 4033.77056800, 2107, -0.179, -0.082, 0.553, 0.15319, -0.08138, 1.50612, 6, 1, 1
4036.26162400, 4035.68513600, 2108, -0.130, -0.097, 0.589, 0.27800, -0.09746, 1.40286, 6, 1, 1
4038.26162400, 4037.59956800, 2109, -0.154, -0.089, 0.570, 0.28531, -0.13129, 1.37608, 6, 1, 1
4040.26162400, 4039.51454400, 2110, -0.204, -0.073, 0.531, 0.16247, -0.12389, 1.44545, 6, 1, 1
4042.26162400, 4041.42848800, 2111, -0.152, -0.089, 0.570, 0.21860, -0.08733, 1.39778, 6, 1, 1
4044.26162400, 4043.34368000, 2112, -0.122, -0.099, 0.593, 0.21076, -0.04772, 1.39993, 6, 1, 1
4045.26162400, 4045.25735200, 2113, -0.104, -0.105, 0.606, 0.22015, -0.03227, 1.38223, 6, 1, 1
4047.26162400, 4047.17252000, 2114, -0.084, -0.110, 0.620, 0.32843, -0.07378, 1.27784, 6, 1, 1
4049.26162400, 4049.08668000, 2115, -0.134, -0.094, 0.581, 0.27186, -0.09823, 1.29447, 6, 1, 1
4051.26162400, 4051.00062400, 2116, -0.097, -0.106, 0.609, 0.20209, -0.01778, 1.34924, 6, 1, 1
4053.26162400, 4052.91570400, 2117, -0.091, -0.108, 0.613, 0.21693, -0.01839, 1.32098, 6, 1, 1
4055.26162400, 4054.82962400, 2118, -0.128, -0.095, 0.583, 0.22312, -0.06531, 1.28678, 6, 1, 1
4057.26162400, 4056.74456800, 2119, -0.181, -0.078, 0.542, 0.17348, -0.10400, 1.29357, 6, 1, 1
4059.26162400, 4058.65870400, 2120, -0.150, -0.087, 0.565, 0.19274, -0.07676, 1.27456, 6, 1, 1
4061.26162400, 4060.57362400, 2121, -0.216, -0.065, 0.513, 0.27467, -0.21772, 1.15971, 6, 1, 1
4063.26162400, 4062.48781600, 2122, -0.183, -0.075, 0.538, 0.20443, -0.12518, 1.21518, 6, 1, 1
4065.26162400, 4064.40213600, 2123, -0.148, -0.087, 0.564, 0.21521, -0.08693, 1.20472, 6, 1, 1
4067.26162400, 4066.31652000, 2124, -0.136, -0.091, 0.572, 0.12764, -0.03061, 1.25999, 6, 1, 1
4068.26162400, 4068.23154400, 2125, -0.097, -0.103, 0.601, 0.16913, -0.00497, 1.22652, 6, 1, 1
4070.26162400, 4070.14546400, 2126, -0.106, -0.100, 0.594, 0.19595, -0.02759, 1.18326, 6, 1, 1
4072.26162400, 4072.06048800, 2127, -0.148, -0.085, 0.560, 0.16174, -0.06252, 1.17785, 6, 1, 1
4074.26162400, 4073.97456800, 2128, -0.130, -0.090, 0.573, 0.23511, -0.07442, 1.11458, 6, 1, 1
4076.26162400, 4075.88952000, 2129, -0.116, -0.095, 0.583, 0.26927, -0.07403, 1.07692, 6, 1, 1
4078.26162400, 4077.80319200, 2130, -0.140, -0.087, 0.563, 0.18942, -0.06590, 1.11395, 6, 1, 1
4080.26162400, 4079.71768000, 2131, -0.122, -0.093, 0.577, 0.14992, -0.02868, 1.13073, 6, 1, 1
4082.26162400, 4081.63254400, 2132, -0.132, -0.088, 0.568, 0.18374, -0.05371, 1.08652, 6, 1, 1
4084.26162400, 4083.54735200, 2133, -0.177, -0.073, 0.531, 0.13605, -0.09190, 1.08775, 6, 1, 1
4086.26162400, 4085.46164800, 2134, -0.169, -0.075, 0.537, 0.18667, -0.10584, 1.03885, 6, 1, 1
4088.26162400, 4087.37546400, 2135, -0.191, -0.068, 0.519, 0.16128, -0.12577, 1.03169, 6, 1, 1
4090.26162400, 4089.29054400, 2136, -0.179, -0.071, 0.527, 0.14807, -0.10195, 1.03078, 6, 1, 1
4091.26162400, 4091.20454400, 2137, -0.145, -0.082, 0.553, 0.23334, -0.09637, 0.96075, 6, 1, 1
4093.26162400, 4093.11943200, 2138, -0.099, -0.096, 0.587, 0.27752, -0.05961, 0.92434, 6, 1, 1
4095.26162400, 4095.03348800, 2139, -0.144, -0.081, 0.551, 0.10766, -0.04151, 1.02103, 6, 1, 1
4097.26162400, 4096.94862400, 2140, -0.109, -0.092, 0.577, 0.23259, -0.05133, 0.92329, 6, 1, 1
4099.26162400, 4098.86295200, 2141, -0.101, -0.095, 0.583, 0.16946, -0.01614, 0.95998, 6, 1, 1
4101.26162400, 4100.77676000, 2142, -0.113, -0.090, 0.572, 0.22568, -0.05581, 0.89210, 6, 1, 1
4103.26162400, 4102.69146400, 2143, -0.127, -0.085, 0.560, 0.16375, -0.04581, 0.91874, 6, 1, 1
4105.26162400, 4104.60652000, 2144, -0.129, -0.084, 0.557, 0.11735, -0.03231, 0.93399, 6, 1, 1
4107.26162400, 4106.52056800, 2145, -0.110, -0.090, 0.571, 0.25046, -0.06428, 0.82623, 6, 1, 1
4109.26162400, 4108.43454400, 2146, -0.118, -0.087, 0.564, 0.16360, -0.03895, 0.87224, 6, 1, 1
4111.26162400, 4110.34948800, 2147, -0.190, -0.062, 0.506, 0.16057, -0.14352, 0.82672, 6, 1, 1
4113.26162400, 4112.26346400, 2148, -0.117, -0.086, 0.562, 0.18197, -0.04752, 0.82520, 6, 1, 1
4114.26162400, 4114.17862400, 2149, -0.150, -0.075, 0.535, 0.10854, -0.06171, 0.85149, 6, 1, 1
4116.26162400, 4116.09238400, 2150, -0.184, -0.063, 0.507, 0.14898, -0.13225, 0.78715, 6, 1, 1
4118.26162400, 4118.00740800, 2151, -0.118, -0.085, 0.558, 0.14429, -0.03604, 0.80251, 6, 1, 1
4120.26162400, 4119.92143200, 2152, -0.101, -0.090, 0.571, 0.13588, -0.01029, 0.79926, 6, 1, 1
4122.26162400, 4121.83635200, 2153, -0.124, -0.082, 0.551, 0.15291, -0.05098, 0.76179, 6, 1, 1
4124.26162400, 4123.75040800, 2154, -0.140, -0.076, 0.537, 0.12614, -0.06235, 0.75694, 6, 1, 1
4126.26162400, 4125.66527200, 2155, -0.083, -0.095, 0.582, 0.18529, -0.00981, 0.71658, 6, 1, 1
4128.26162400, 4127.57943200, 2156, -0.140, -0.075, 0.535, 0.15180, -0.07761, 0.70447, 6, 1, 1
4130.26162400, 4129.49443200, 2157, -0.100, -0.089, 0.566, 0.17918, -0.03481, 0.68323, 6, 1, 1
4132.26162400, 4131.40832800, 2158, -0.111, -0.084, 0.556, 0.18982, -0.05689, 0.65388, 6, 1, 1
4134.26162400, 4133.32248800, 2159, -0.093, -0.090, 0.570, 0.17702, -0.02431, 0.65284, 6, 1, 1
4135.26162400, 4135.23764800, 2160, -0.111, -0.083, 0.554, 0.17927, -0.05688, 0.62530, 6, 1, 1
4137.26162400, 4137.15152000, 2161, -0.109, -0.084, 0.554, 0.11004, -0.02430, 0.65959, 6, 1, 1
4139.26162400, 4139.06668000, 2162, -0.108, -0.084, 0.555, 0.12463, -0.02906, 0.63710, 6, 1, 1
4141.26162400, 4140.98062400, 2163, -0.134, -0.075, 0.532, 0.17602, -0.09799, 0.57158, 6, 1, 1
4143.26162400, 4142.89535200, 2164, -0.107, -0.083, 0.552, 0.12393, -0.03022, 0.60267, 6, 1, 1
4145.26162400, 4144.80968000, 2165, -0.141, -0.072, 0.524, 0.11909, -0.08456, 0.57466, 6, 1, 1
4147.26162400, 4146.72456800, 2166, -0.105, -0.083, 0.551, 0.22656, -0.09096, 0.49166, 6, 1, 1
4149.26162400, 4148.63856800, 2167, -0.129, -0.075, 0.531, 0.16429, -0.09440, 0.51594, 6, 1, 1
4151.26162400, 4150.55264800, 2168, -0.107, -0.082, 0.548, 0.09859, -0.03349, 0.55366, 6, 1, 1
4153.26162400, 4152.46752000, 2169, -0.115, -0.079, 0.540, 0.05302, -0.03024, 0.56189, 6, 1, 1
4155.26162400, 4154.38240800, 2170, -0.118, -0.078, 0.537, 0.05317, -0.03824, 0.54543, 6, 1, 1
4157.26162400, 4156.29640800, 2171, -0.170, -0.059, 0.493, 0.12726, -0.16305, 0.45609, 6, 1, 1
4158.26162400, 4158.21054400, 2172, -0.126, -0.074, 0.528, 0.17335, -0.11214, 0.42688, 6, 1, 1
4160.26162400, 4160.12556800, 2173, -0.145, -0.066, 0.511, 0.19272, -0.16967, 0.38512, 6, 1, 1
4162.26162400, 4162.03943200, 2174, -0.180, -0.054, 0.481, 0.18227, -0.23660, 0.35236, 6, 1, 1
4164.26162400, 4163.95460000, 2175, -0.120, -0.075, 0.530, 0.14069, -0.09302, 0.40421, 6, 1, 1
4166.26162400, 4165.86862400, 2176, -0.098, -0.082, 0.546, 0.17726, -0.08587, 0.36182, 6, 1, 1
4168.26162400, 4167.78346400, 2177, -0.125, -0.072, 0.523, 0.08188, -0.07990, 0.41212, 6, 1, 1
4170.26162400, 4169.69762400, 2178, -0.142, -0.066, 0.508, 0.11234, -0.13545, 0.35806, 6, 1, 1
4172.26162400, 4171.61252000, 2179, -0.156, -0.061, 0.495, -0.06108, -0.09281, 0.45142, 6, 1, 1
4174.26162400, 4173.52670400, 2180, -0.138, -0.067, 0.509, 0.00670, -0.08497, 0.40162, 6, 1, 1
4176.26162400, 4175.44154400, 2181, -0.073, -0.090, 0.562, -0.00958, 0.02111, 0.41924, 6, 1, 1
4178.26162400, 4177.35597600, 2182, -0.105, -0.077, 0.534, 0.12475, -0.08574, 0.30494, 6, 1, 1
4180.26162400, 4179.26964800, 2183, -0.131, -0.068, 0.511, 0.10108, -0.12173, 0.29692, 6, 1, 1
4181.26162400, 4181.18456800, 2184, -0.139, -0.064, 0.503, 0.13834, -0.16292, 0.24729, 6, 1, 1
4183.26162400, 4183.09856800, 2185, -0.160, -0.057, 0.484, 0.02853, -0.14774, 0.29944, 6, 1, 1
4185.26162400, 4185.01360000, 2186, -0.100, -0.077, 0.533, 0.21727, -0.16068, 0.16820, 6, 1, 1
4187.26162400, 4186.92760000, 2187, -0.146, -0.061, 0.494, 0.09245, -0.16151, 0.22876, 6, 1, 1
4189.26162400, 4188.84262400, 2188, -0.126, -0.067, 0.509, 0.15050, -0.16956, 0.17743, 6, 1, 1
4191.26162400, 4190.75656800, 2189, -0.122, -0.068, 0.511, 0.08751, -0.12369, 0.20958, 6, 1, 1
4193.26162400, 4192.67140800, 2190, -0.120, -0.068, 0.512, 0.13209, -0.14985, 0.16264, 6, 1, 1
4195.26162400, 4194.58532800, 2191, -0.121, -0.068, 0.510, 0.08581, -0.12765, 0.17724, 6, 1, 1
4197.26162400, 4196.50062400, 2192, -0.085, -0.080, 0.540, 0.07803, -0.06190, 0.18217, 6, 1, 1
4199.26162400, 4198.41476000, 2193, -0.117, -0.068, 0.511, 0.11498, -0.14499, 0.12918, 6, 1, 1
4201.26162400, 4200.32935200, 2194, -0.104, -0.072, 0.521, 0.12121, -0.12891, 0.11320, 6, 1, 1
4202.26162400, 4202.24352000, 2195, -0.144, -0.057, 0.486, 0.07255, -0.18062, 0.11766, 6, 1, 1
4204.26162400, 4204.15770400, 2196, -0.108, -0.070, 0.516, 0.06280, -0.11143, 0.12464, 6, 1, 1
4206.26162400, 4206.07262400, 2197, -0.121, -0.065, 0.503, 0.08198, -0.15272, 0.08801, 6, 1, 1
4208.26162400, 4207.98656800, 2198, -0.109, -0.069, 0.513, 0.02187, -0.10059, 0.11790, 6, 1, 1
4210.26162400, 4209.90152000, 2199, -0.108, -0.068, 0.512, 0.13764, -0.17158, 0.02154, 6, 1, 1
4212.26162400, 4211.81546400, 2200, -0.144, -0.055, 0.481, 0.05910, -0.20221, 0.04797, 6, 1, 1
4214.26162400, 4213.73062400, 2201, -0.096, -0.072, 0.520, 0.09139, -0.12598, 0.02983, 6, 1, 1
4216.26162400, 4215.64462400, 2202, -0.109, -0.067, 0.508, 0.05956, -0.13947, 0.03114, 6, 1, 1
4218.26162400, 4217.55956800, 2203, -0.140, -0.055, 0.480, 0.01466, -0.18123, 0.03746, 6, 1, 1
4220.26162400, 4219.47360000, 2204, -0.098, -0.069, 0.515, 0.17508, -0.19441, -0.07618, 6, 1, 1
4222.26162400, 4221.38819200, 2205, -0.108, -0.065, 0.505, 0.09057, -0.16581, -0.03599, 6, 1, 1
4224.26162400, 4223.30246400, 2206, -0.120, -0.061, 0.494, 0.03097, -0.16328, -0.01063, 6, 1, 1
4225.26162400, 4225.21754400, 2207, -0.062, -0.081, 0.542, 0.17808, -0.14338, -0.10823, 6, 1, 1
4227.26162400, 4227.13127200, 2208, -0.108, -0.064, 0.502, 0.12936, -0.20148, -0.10554, 6, 1, 1
4229.26162400, 4229.04560000, 2209, -0.097, -0.067, 0.510, 0.12424, -0.18002, -0.11534, 6, 1, 1
4231.26162400, 4230.96048800, 2210, -0.116, -0.060, 0.493, 0.11454, -0.21994, -0.12816, 6, 1, 1
4233.26162400, 4232.87470400, 2211, -0.058, -0.080, 0.542, 0.18620, -0.15560, -0.16946, 6, 1, 1
4235.26162400, 4234.78948800, 2212, -0.095, -0.066, 0.509, 0.19358, -0.23193, -0.21016, 6, 1, 1
4237.26162400, 4236.70348800, 2213, -0.137, -0.051, 0.471, 0.12725, -0.28607, -0.19371, 6, 1, 1
4239.26162400, 4238.61860000, 2214, -0.116, -0.058, 0.488, 0.17712, -0.28109, -0.24003, 6, 1, 1
4241.26162400, 4240.53264800, 2215, -0.111, -0.059, 0.492, 0.11347, -0.23169, -0.20065, 6, 1, 1
4243.26162400, 4242.44754400, 2216, -0.125, -0.053, 0.478, 0.18479, -0.31001, -0.27968, 6, 1, 1
4245.26162400, 4244.36168000, 2217, -0.106, -0.060, 0.493, 0.14162, -0.24112, -0.24774, 6, 1, 1
4247.26162400, 4246.27656800, 2218, -0.065, -0.075, 0.529, 0.14323, -0.16076, -0.24748, 6, 1, 1
4248.26162400, 4248.19040800, 2219, -0.065, -0.074, 0.528, 0.04019, -0.10986, -0.18890, 6, 1, 1
4250.26162400, 4250.10562400, 2220, -0.138, -0.047, 0.463, 0.00514, -0.25609, -0.20953, 6, 1, 1
4252.26162400, 4252.01943200, 2221, -0.122, -0.052, 0.475, 0.11854, -0.28434, -0.30101, 6, 1, 1
4254.26162400, 4253.93381600, 2222, -0.128, -0.049, 0.469, 0.14242, -0.32190, -0.33676, 6, 1, 1
4256.26162400, 4255.84854400, 2223, -0.132, -0.047, 0.465, 0.13795, -0.33448, -0.35134, 6, 1, 1
4258.26162400, 4257.76256800, 2224, -0.091, -0.062, 0.499, 0.19302, -0.27213, -0.38354, 6, 1, 1
4260.26162400, 4259.67754400, 2225, -0.121, -0.050, 0.472, 0.15908, -0.32367, -0.38458, 6, 1, 1
4262.26162400, 4261.59152000, 2226, -0.068, -0.069, 0.517, 0.15506, -0.19717, -0.36857, 6, 1, 1
4264.26162400, 4263.50646400, 2227, -0.097, -0.058, 0.491, 0.14043, -0.25911, -0.38772, 6, 1, 1
4266.26162400, 4265.42046400, 2228, -0.092, -0.060, 0.494, 0.06307, -0.21362, -0.34380, 6, 1, 1
4268.26162400, 4267.33556800, 2229, -0.095, -0.057, 0.490, 0.17852, -0.29264, -0.44502, 6, 1, 1
4269.26162400, 4269.24956800, 2230, -0.091, -0.058, 0.492, 0.20482, -0.30390, -0.48124, 6, 1, 1
4271.26162400, 4271.16456800, 2231, -0.087, -0.060, 0.496, 0.19479, -0.28784, -0.48335, 6, 1, 1
4273.26162400, 4273.07854400, 2232, -0.081, -0.062, 0.500, 0.12374, -0.23092, -0.43699, 6, 1, 1
4275.26162400, 4274.99352000, 2233, -0.088, -0.058, 0.492, 0.15448, -0.27226, -0.47845, 6, 1, 1
4277.26162400, 4276.90760000, 2234, -0.050, -0.072, 0.525, 0.25387, -0.24536, -0.54630, 6, 1, 1
4279.26162400, 4278.82248800, 2235, -0.068, -0.065, 0.508, 0.26591, -0.30526, -0.58598, 6, 1, 1
4281.26162400, 4280.73635200, 2236, -0.109, -0.048, 0.470, 0.19740, -0.39559, -0.57948, 6, 1, 1
4283.26162400, 4282.65146400, 2237, -0.051, -0.070, 0.521, 0.23913, -0.25441, -0.58154, 6, 1, 1
4285.26162400, 4284.56568000, 2238, -0.079, -0.059, 0.495, 0.24871, -0.33363, -0.62137, 6, 1, 1
4287.26162400, 4286.48038400, 2239, -0.086, -0.056, 0.488, 0.27388, -0.39915, -0.67353, 6, 1, 1
4289.26162400, 4288.39448800, 2240, -0.098, -0.051, 0.476, 0.19614, -0.36168, -0.62168, 6, 1, 1
4291.26162400, 4290.30848800, 2241, -0.084, -0.056, 0.487, 0.16630, -0.30130, -0.60012, 6, 1, 1
4292.26162400, 4292.22338400, 2242, -0.056, -0.066, 0.511, 0.26480, -0.30068, -0.67684, 6, 1, 1
4294.26162400, 4294.13735200, 2243, -0.026, -0.076, 0.537, 0.38421, -0.34337, -0.78475, 6, 1, 1
4296.26162400, 4296.05252000, 2244, -0.023, -0.077, 0.538, 0.36786, -0.31442, -0.77565, 6, 1, 1
4298.26162400, 4297.96643200, 2245, -0.027, -0.075, 0.534, 0.31966, -0.28045, -0.74454, 6, 1, 1
4300.26162400, 4299.88130400, 2246, -0.027, -0.075, 0.533, 0.34387, -0.31519, -0.78648, 6, 1, 1
4302.26162400, 4301.79554400, 2247, -0.027, -0.074, 0.532, 0.35491, -0.32662, -0.81133, 6, 1, 1
4304.26162400, 4303.70964800, 2248, -0.028, -0.074, 0.530, 0.32574, -0.29269, -0.78890, 6, 1, 1
4306.26162400, 4305.62456800, 2249, -0.038, -0.069, 0.520, 0.33338, -0.35508, -0.83154, 6, 1, 1
4308.26162400, 4307.53940800, 2250, -0.039, -0.068, 0.518, 0.27378, -0.29299, -0.78244, 6, 1, 1
4310.26162400, 4309.45364800, 2251, -0.017, -0.076, 0.537, 0.34415, -0.28990, -0.84085, 6, 1, 1
4312.26162400, 4311.36754400, 2252, -0.003, -0.081, 0.548, 0.39056, -0.31193, -0.89143, 6, 1, 1
4314.26162400, 4313.28264800, 2253, -0.002, -0.081, 0.548, 0.38624, -0.30926, -0.90306, 6, 1, 1
4315.26162400, 4315.19652000, 2254, -0.030, -0.070, 0.522, 0.18360, -0.20588, -0.75057, 6, 1, 1
4317.26162400, 4317.11130400, 2255, 0.003, -0.082, 0.551, 0.40119, -0.33099, -0.94635, 6, 1, 1
4321.26162400, 4320.94062400, 2257, 0.029, -0.091, 0.573, 0.41032, -0.25865, -0.95025, 6, 1, 1
4323.26162400, 4322.85424800, 2258, -0.017, -0.074, 0.530, 0.25965, -0.23202, -0.85409, 6, 1, 1
4325.26162400, 4324.76940800, 2259, -0.004, -0.078, 0.540, 0.33404, -0.27519, -0.93234, 6, 1, 1
4331.26162400, 4330.51262400, 2262, 0.007, -0.081, 0.547, 0.31958, -0.23043, -0.94271, 6, 1, 1
4333.26162400, 4332.42727200, 2263, -0.009, -0.074, 0.532, 0.31591, -0.28905, -0.97552, 6, 1, 1
4340.26162400, 4340.08462400, 2267, -0.017, -0.069, 0.520, 0.26396, -0.26442, -0.98387, 6, 1, 1
4348.26162400, 4347.74240800, 2271, -0.032, -0.062, 0.502, 0.26694, -0.32228, -1.05450, 6, 1, 1
4350.26162400, 4349.65738400, 2272, -0.006, -0.072, 0.525, 0.29925, -0.27523, -1.06981, 6, 1, 1
4356.26162400, 4355.40019200, 2275, -0.021, -0.064, 0.508, 0.23536, -0.25971, -1.06527, 6, 1, 1
4358.26162400, 4357.31535200, 2276, -0.017, -0.065, 0.510, 0.26172, -0.28520, -1.10176, 6, 1, 1
4359.26162400, 4359.22954400, 2277, -0.014, -0.066, 0.512, 0.30558, -0.31765, -1.15152, 6, 1, 1
4363.26162400, 4363.05868000, 2279, 0.018, -0.078, 0.540, 0.34126, -0.26494, -1.18278, 6, 1, 1
4365.26162400, 4364.97264800, 2280, 0.000, -0.070, 0.522, 0.36246, -0.36516, -1.24752, 6, 1, 1
4367.26162400, 4366.88756800, 2281, 0.067, -0.096, 0.582, 0.52121, -0.40860, -1.40008, 6, 1, 1
4369.26162400, 4368.80156800, 2282, 0.177, -0.138, 0.683, 0.69983, -0.42569, -1.57673, 6, 1, 1
